{
  "C:|Users|techn|AppData|Local|Temp|iMathExternalEditor-1201123212728.eqn" : {
    "lexer" : "eqn",
    "enc" : "UTF-8",
    "wrap_mode" : 1,
    "tab_size" : 4,
    "tab_spaces" : false,
    "crt" : "0,4,-1,-1,"
  },
  "C:|Users|techn|AppData|Local|Temp|iMathExternalEditor-1201123212936.eqn" : {
    "lexer" : "eqn",
    "enc" : "UTF-8",
    "wrap_mode" : 1,
    "tab_size" : 4,
    "tab_spaces" : false,
    "crt" : "0,0,-1,-1,"
  },
  "C:|Users|techn|AppData|Local|Temp|iMathExternalEditor-1201123212944.eqn" : {
    "lexer" : "eqn",
    "enc" : "UTF-8",
    "wrap_mode" : 1,
    "tab_size" : 4,
    "tab_spaces" : false,
    "crt" : "8,0,-1,-1,"
  },
  "C:|Users|techn|AppData|Local|Temp|iMathExternalEditor-1201123213028.eqn" : {
    "lexer" : "eqn",
    "enc" : "UTF-8",
    "wrap_mode" : 1,
    "tab_size" : 4,
    "tab_spaces" : false,
    "crt" : "17,0,-1,-1,"
  },
  "C:|Users|techn|AppData|Local|Temp|iMathExternalEditor-1201123213036.eqn" : {
    "lexer" : "eqn",
    "enc" : "UTF-8",
    "wrap_mode" : 1,
    "tab_size" : 4,
    "tab_spaces" : false,
    "crt" : "7,0,-1,-1,"
  },
  "C:|Users|techn|AppData|Local|Temp|iMathExternalEditor-120112321312.eqn" : {
    "lexer" : "eqn",
    "enc" : "UTF-8",
    "wrap_mode" : 1,
    "tab_size" : 4,
    "tab_spaces" : false,
    "crt" : "19,0,-1,-1,"
  },
  "C:|Users|techn|AppData|Local|Temp|iMathExternalEditor-1201123213219.eqn" : {
    "lexer" : "eqn",
    "enc" : "UTF-8",
    "wrap_mode" : 1,
    "tab_size" : 4,
    "tab_spaces" : false,
    "crt" : "19,0,-1,-1,"
  },
  "C:|Users|techn|AppData|Local|Temp|iMathExternalEditor-1201123213229.eqn" : {
    "lexer" : "eqn",
    "enc" : "UTF-8",
    "top" : 2,
    "wrap_mode" : 1,
    "tab_size" : 4,
    "tab_spaces" : false,
    "crt" : "48,0,-1,-1,"
  },
  "C:|Users|techn|AppData|Local|Temp|iMathExternalEditor-1201123213310.eqn" : {
    "lexer" : "eqn",
    "enc" : "UTF-8",
    "wrap_mode" : 1,
    "tab_size" : 4,
    "tab_spaces" : false,
    "crt" : "17,0,-1,-1,"
  },
  "C:|Users|techn|AppData|Local|Temp|iMathExternalEditor-1201123213345.eqn" : {
    "lexer" : "eqn",
    "enc" : "UTF-8",
    "wrap_mode" : 1,
    "tab_size" : 4,
    "tab_spaces" : false,
    "crt" : "16,3,-1,-1,"
  },
  "C:|Users|techn|AppData|Local|Temp|iMathExternalEditor-1201123213352.eqn" : {
    "lexer" : "eqn",
    "enc" : "UTF-8",
    "top" : 23,
    "wrap_mode" : 1,
    "tab_size" : 4,
    "tab_spaces" : false,
    "crt" : "56,0,-1,-1,"
  },
  "C:|Users|techn|AppData|Local|Temp|iMathExternalEditor-1201123213515.eqn" : {
    "lexer" : "eqn",
    "enc" : "UTF-8",
    "wrap_mode" : 1,
    "tab_size" : 4,
    "tab_spaces" : false,
    "crt" : "7,0,-1,-1,"
  },
  "C:|Users|techn|AppData|Local|Temp|iMathExternalEditor-1201123213539.eqn" : {
    "lexer" : "eqn",
    "enc" : "UTF-8",
    "wrap_mode" : 1,
    "tab_size" : 4,
    "tab_spaces" : false,
    "crt" : "30,0,-1,-1,"
  },
  "C:|Users|techn|AppData|Local|Temp|iMathExternalEditor-1201123213553.eqn" : {
    "lexer" : "eqn",
    "enc" : "UTF-8",
    "wrap_mode" : 1,
    "tab_size" : 4,
    "tab_spaces" : false,
    "crt" : "0,0,-1,-1,"
  },
  "C:|Users|techn|AppData|Local|Temp|iMathExternalEditor-120112321361.eqn" : {
    "lexer" : "eqn",
    "enc" : "UTF-8",
    "wrap_mode" : 1,
    "tab_size" : 4,
    "tab_spaces" : false,
    "crt" : "11,10,-1,-1,"
  },
  "C:|Users|techn|AppData|Local|Temp|iMathExternalEditor-1201123213622.eqn" : {
    "lexer" : "eqn",
    "enc" : "UTF-8",
    "wrap_mode" : 1,
    "tab_size" : 4,
    "tab_spaces" : false,
    "crt" : "17,0,-1,-1,"
  },
  "C:|Users|techn|AppData|Local|Temp|iMathExternalEditor-120112321385.eqn" : {
    "lexer" : "eqn",
    "enc" : "UTF-8",
    "wrap_mode" : 1,
    "tab_size" : 4,
    "tab_spaces" : false,
    "crt" : "35,0,-1,-1,"
  },
  "C:|Users|techn|AppData|Local|Temp|iMathExternalEditor-1201123213922.eqn" : {
    "lexer" : "eqn",
    "enc" : "UTF-8",
    "wrap_mode" : 1,
    "tab_size" : 4,
    "tab_spaces" : false,
    "crt" : "0,0,-1,-1,"
  },
  "D:|обмен br7|methods|cudatext|settings_default|default.json" : {
    "lexer" : "JSON",
    "enc" : "cp1251",
    "top" : 3,
    "wrap_mode" : 1,
    "ro" : true,
    "tab_size" : 2,
    "tab_spaces" : true,
    "crt" : "19,158,-1,-1,"
  },
  "D:|обмен br7|methods|cudatext|settings|user.json" : {
    "lexer" : "JSON",
    "enc" : "cp1251",
    "top" : 11,
    "wrap_mode" : 1,
    "tab_size" : 2,
    "tab_spaces" : true,
    "crt" : "31,12,-1,-1,"
  },
  "C:|Users|BR7|AppData|Local|Temp|iMathExternalEditor-12011289510.eqn" : {
    "lexer" : "eqn",
    "enc" : "UTF-8",
    "wrap_mode" : 1,
    "tab_size" : 4,
    "tab_spaces" : false,
    "crt" : "17,1,-1,-1,"
  },
  "C:|Users|BR7|AppData|Local|Temp|iMathExternalEditor-12011289728.eqn" : {
    "lexer" : "eqn",
    "enc" : "cp1251",
    "wrap_mode" : 1,
    "tab_size" : 4,
    "tab_spaces" : false,
    "crt" : "19,0,-1,-1,"
  },
  "C:|Users|BR7|AppData|Local|Temp|iMathExternalEditor-12011289828.eqn" : {
    "lexer" : "eqn",
    "enc" : "cp1251",
    "wrap_mode" : 1,
    "tab_size" : 4,
    "tab_spaces" : false,
    "crt" : "20,0,-1,-1,"
  },
  "C:|Users|BR7|AppData|Local|Temp|iMathExternalEditor-1201128125813.eqn" : {
    "lexer" : "eqn",
    "enc" : "cp1251",
    "wrap_mode" : 1,
    "tab_size" : 4,
    "tab_spaces" : false,
    "crt" : "41,1,-1,-1,"
  },
  "C:|Users|BR7|AppData|Local|Temp|iMathExternalEditor-120112813023.eqn" : {
    "lexer" : "eqn",
    "enc" : "cp1251",
    "wrap_mode" : 1,
    "tab_size" : 4,
    "tab_spaces" : false,
    "crt" : "41,1,-1,-1,"
  }
}