{
  "pos" : {
    "main_max" : false,
    "main" : "424,639,449,200",
    "savetabs" : "0,0,720,350",
    "lexerprop" : "0,0,654,576",
    "lexerlib" : "0,0,459,468",
    "bottom" : "464,692,850,220"
  },
  "show_sidepanel" : false,
  "show_bottom" : false,
  "float_side" : false,
  "float_bottom" : false,
  "size_side" : 200,
  "size_bottom" : 90,
  "tab_left" : "",
  "recent_files" : [
    "C:\\Users\\BR7\\AppData\\Local\\Temp\\iMathExternalEditor-120112813023.eqn",
    "C:\\Users\\BR7\\AppData\\Local\\Temp\\iMathExternalEditor-1201128125813.eqn",
    "C:\\Users\\BR7\\AppData\\Local\\Temp\\iMathExternalEditor-12011289828.eqn",
    "C:\\Users\\BR7\\AppData\\Local\\Temp\\iMathExternalEditor-12011289728.eqn",
    "C:\\Users\\BR7\\AppData\\Local\\Temp\\iMathExternalEditor-12011289510.eqn",
    "D:\\обмен br7\\methods\\cudatext\\settings\\user.json",
    "D:\\обмен br7\\methods\\cudatext\\settings_default\\default.json",
    "C:\\Users\\techn\\AppData\\Local\\Temp\\iMathExternalEditor-1201123213922.eqn",
    "C:\\Users\\techn\\AppData\\Local\\Temp\\iMathExternalEditor-120112321385.eqn",
    "C:\\Users\\techn\\AppData\\Local\\Temp\\iMathExternalEditor-1201123213622.eqn"
  ],
  "list_console" : [
    "dir",
    "git status"
  ],
  "finder" : {
    "regex" : true,
    "case" : false,
    "words" : false,
    "back" : false,
    "confirm" : false,
    "wrap" : true,
    "insel" : false,
    "tokens" : 0,
    "mline" : false
  },
  "lang" : "",
  "session" : "D:\\обмен br7\\methods\\cudatext\\settings\\history session.json",
  "last_cmd" : 6404,
  "groups" : 1,
  "gr" : {
    "panel" : "0,0",
    "pages" : "100,100,0,0,0,0,0,0,0,0,0,0,"
  },
  "list_find" : [
    "side",
    "hidden",
    "ui_menu_show",
    "font_size",
    "size",
    "mode",
    "wrap",
    "number",
    "line",
    "line_number",
    "show",
    "tabs",
    "word_wrap",
    "@@",
    "(?<!%)\\b(abs|acute|aleph|alignb|alignc|alignl|alignm|alignr|alignt|and|approx|arccos|arccot|arcosh|arcoth|arcsin|arctan|arsinh|artanh|backepsilon|bar|binom|black|blue|bold|boper|breve|bslash|cdot|check|circ|circle|color|coprod|cos|cosh|cot|coth|csub|csup|cyan|dddot|ddot|def|div|divides|dlarrow|dlrarrow|dot|dotsaxis|dotsdiag|dotsdown|dotslow|dotsup|dotsvert|downarrow|drarrow|emptyset|equiv|exists|exp|fact|fixed|font|forall|from|func|ge|geslant|gg|grave|green|gt|hat|hbar|iiint|iint|im|in|infinity|infty|int|intersection|ital|italic|lambdabar|langle|mline|rangle|lbrace|lceil|ldbracket|ldline|le|leftarrow|leslant|lfloor|lim|liminf|limsup|lint|ll|lline|llint|lllint|ln|log|lsub|lsup|lt|magenta|matrix|minusplus|mline|nabla|nbold|ndivides|neg|neq|newline|ni|nitalic|none|left|right|notin|nroot|nsubset|nsubseteq|nsupset|nsupseteq|odivide|odot|ominus|oper|limits|oplus|or|ortho|otimes|over|overbrace|overline|overstrike|owns|parallel|partial|phantom|plusminus|prod|prop|rbrace|rceil|rdbracket|rdline|re|red|rfloor|right|rightarrow|rline|rsub|rsup|sans|serif|setC|setminus|setN|setQ|setR|setZ|sim|simeq|sin|sinh|size|slash|sqrt|stack|sub|subset|subseteq|sum|sup|supset|supseteq|tan|tanh|tilde|times|to|toward|transl|transr|underbrace|underline|union|uoper|uparrow|vec|white|widebslash|widehat|wideslash|widetilde|widevec|wp|yellow)\\b",
    "\\b(abs|acute|aleph|alignb|alignc|alignl|alignm|alignr|alignt|and|approx|arccos|arccot|arcosh|arcoth|arcsin|arctan|arsinh|artanh|backepsilon|bar|binom|black|blue|bold|boper|breve|bslash|cdot|check|circ|circle|color|coprod|cos|cosh|cot|coth|csub|csup|cyan|dddot|ddot|def|div|divides|dlarrow|dlrarrow|dot|dotsaxis|dotsdiag|dotsdown|dotslow|dotsup|dotsvert|downarrow|drarrow|emptyset|equiv|exists|exp|fact|fixed|font|forall|from|func|ge|geslant|gg|grave|green|gt|hat|hbar|iiint|iint|im|in|infinity|infty|int|intersection|ital|italic|lambdabar|langle|mline|rangle|lbrace|lceil|ldbracket|ldline|le|leftarrow|leslant|lfloor|lim|liminf|limsup|lint|ll|lline|llint|lllint|ln|log|lsub|lsup|lt|magenta|matrix|minusplus|mline|nabla|nbold|ndivides|neg|neq|newline|ni|nitalic|none|left|right|notin|nroot|nsubset|nsubseteq|nsupset|nsupseteq|odivide|odot|ominus|oper|limits|oplus|or|ortho|otimes|over|overbrace|overline|overstrike|owns|parallel|partial|phantom|plusminus|prod|prop|rbrace|rceil|rdbracket|rdline|re|red|rfloor|right|rightarrow|rline|rsub|rsup|sans|serif|setC|setminus|setN|setQ|setR|setZ|sim|simeq|sin|sinh|size|slash|sqrt|stack|sub|subset|subseteq|sum|sup|supset|supseteq|tan|tanh|tilde|times|to|toward|transl|transr|underbrace|underline|union|uoper|uparrow|vec|white|widebslash|widehat|wideslash|widetilde|widevec|wp|yellow)\\b",
    "(?<=[^%@'\"])(\\d+\\.\\d+|%\\w+_\\{[^{}]*\\}|%\\w+|\\b\\w+_\\{[^{}]*\\}|\\b\\w+)(?!.*%%gg$)",
    "(?<=^%%ii\\s+TEXT).*$",
    "(?<=^%%ii TEXT).*$",
    "^%%ii TEXT.*$"
  ],
  "list_replace" : [
    "@@{1}@@",
    "@@(1%)@@",
    "@@1%@@",
    "@@%1%@@",
    "@@%1@@",
    "_ii_VAL(%1)_ii_"
  ],
  "sync_choose_themes" : true
}