{
  "cd_opts_dlg": {
    "dlg": {
      "df.cmnt_heght": 60,
      "df.cur_op": "",
      "df.col_ws": [
        70,
        210,
        25,
        120,
        120,
        70,
        50
      ],
      "df.sorts": [
        [
          -1,
          -1
        ],
        [
          -1,
          -1
        ],
        [
          -1,
          -1
        ],
        [
          -1,
          -1
        ],
        [
          -1,
          -1
        ],
        [
          -1,
          -1
        ],
        [
          -1,
          -1
        ]
      ],
      "df.h.cond": [],
      "df.all_ops": false
    }
  }
}