{
    "ver": "20151204",
    "list": [
        {
            "id": 44438,
            "nm": "imath:_ii_VAL()_ii_ next",
            "rec": "",
            "evl": [
                "ed.cmd(cmds.cmd_FinderAction,'findnext\\x01(?<![\\\\w.%])(?!%%|\\\\[|\\\\]|[(){}=+-/*\"\\'@#&.,\\\\s]|over\\\\b|cdot\\\\b|sqrt\\\\b|min\\\\b|max\\\\b|sin\\\\b|cos\\\\b|tan\\\\b|ctan\\\\b|_ii_|TEXT\\\\b|EQDEF\\\\b|.*%%gg)\\x01\\x01rfa')",
                "ed.cmd(cmds.cCommand_TextInsert,'_ii_VAL(')",
                "ed.cmd(cmds.cmd_FinderAction,'findnext\\x01(?<!%)(\\\\d+\\\\.\\\\d+|%\\\\w+_\\\\{[^{}]*\\\\}|%\\\\w+|\\\\b\\\\w+_\\\\{[^{}]*\\\\}|\\\\b\\\\w+)\\x01\\x01rf')",
                "ed.cmd(cmds.cCommand_KeyRight)",
                "ed.cmd(cmds.cCommand_TextInsert,')_ii_')"
            ]
        },
        {
            "id": 90157,
            "nm": "imath:_ii_VAL()_ii_ all",
            "rec": "",
            "evl": [
                "ed.cmd(cmds.cmd_FinderAction,'findsel\\x01(?<!%)\\\\b(abs|acute|aleph|alignb|alignc|alignl|alignm|alignr|alignt|and|approx|arccos|arccot|arcosh|arcoth|arcsin|arctan|arsinh|artanh|backepsilon|bar|binom|black|blue|bold|boper|breve|bslash|cdot|check|circ|circle|color|coprod|cos|cosh|cot|coth|csub|csup|cyan|dddot|ddot|def|div|divides|dlarrow|dlrarrow|dot|dotsaxis|dotsdiag|dotsdown|dotslow|dotsup|dotsvert|downarrow|drarrow|emptyset|equiv|exists|exp|fact|fixed|font|forall|from|func|ge|geslant|gg|grave|green|gt|hat|hbar|iiint|iint|im|in|infinity|infty|int|intersection|ital|italic|lambdabar|langle|mline|rangle|lbrace|lceil|ldbracket|ldline|le|leftarrow|leslant|lfloor|lim|liminf|limsup|lint|ll|lline|llint|lllint|ln|log|lsub|lsup|lt|magenta|matrix|minusplus|mline|nabla|nbold|ndivides|neg|neq|newline|ni|nitalic|none|left|right|notin|nroot|nsubset|nsubseteq|nsupset|nsupseteq|odivide|odot|ominus|oper|limits|oplus|or|ortho|otimes|over|overbrace|overline|overstrike|owns|parallel|partial|phantom|plusminus|prod|prop|rbrace|rceil|rdbracket|rdline|re|red|rfloor|right|rightarrow|rline|rsub|rsup|sans|serif|setC|setminus|setN|setQ|setR|setZ|sim|simeq|sin|sinh|size|slash|sqrt|stack|sub|subset|subseteq|sum|sup|supset|supseteq|tan|tanh|tilde|times|to|toward|transl|transr|underbrace|underline|union|uoper|uparrow|vec|white|widebslash|widehat|wideslash|widetilde|widevec|wp|yellow)\\\\b\\x01\\x01ra')",
                "ed.cmd(cmds.cCommand_KeyLeft)",
                "ed.cmd(cmds.cCommand_TextInsert,'@@')",
                "ed.cmd(cmds.cCommand_Cancel)",
                "ed.cmd(cmds.cmd_FinderAction)",
                "ed.cmd(cmds.cmd_FinderAction)",
                "ed.cmd(cmds.cmd_FinderAction,'findsel\\x01(?<=^%%ii\\\\s+TEXT).*$\\x01\\x01ra')",
                "ed.cmd(cmds.cmd_FinderAction)",
                "ed.cmd(cmds.cmd_FinderAction)",
                "ed.cmd(cmds.cmd_FinderAction,'findsel\\x01(?<=[^%@\\'\"])(\\\\d+\\\\.\\\\d+|%\\\\w+_\\\\{[^{}]*\\\\}|%\\\\w+|\\\\b\\\\w+_\\\\{[^{}]*\\\\}|\\\\b\\\\w+)(?!.*%%gg$)\\x01\\x01rsa')",
                "ed.cmd(cmds.cCommand_ClipboardCut)",
                "ed.cmd(cmds.cCommand_TextInsert,'_ii_VAL(')",
                "ed.cmd(cmds.cCommand_ClipboardPaste)",
                "ed.cmd(cmds.cCommand_TextInsert,')_ii_')",
                "ed.cmd(cmds.cCommand_Cancel)",
                "ed.cmd(cmds.cmd_FinderAction,'findsel\\x01@@\\x01\\x01ra')",
                "ed.cmd(cmds.cCommand_KeyBackspace)",
                "ed.cmd(cmds.cCommand_Cancel)"
            ]
        },
        {
            "id": 30524,
            "nm": "imath:fix EQDEF label",
            "rec": "655464\n2492,findnext\u0001(?<=^(.*)([@][^@]*::|[@]))[^@]*(?=[@])\u0001\u0001rfa\n152\n2492,findnext\u0001EQDEF\u0001\u0001rfa\n524391\n2492,findnext\u0001(?<!%)(\\d+\\.\\d+|%\\w+_\\{[^{}]*\\}|%\\w+|\\b\\w+_\\{[^{}]*\\}|\\b\\w+)\u0001\u0001rfa\n1006\n524390\n2492,findprev\u0001@\u0001\u0001rfa\n524390\n1000\n2492,findnext\u0001EQDEF\u0001\u0001rfa\n524391\n2492,findnext\u0001=\u0001\u0001rfa\n524391\n",
            "evl": [
                "ed.cmd(cmds.cCommand_KeyHome)",
                "ed.cmd(cmds.cmd_FinderAction,'findnext\\x01(?<=^(.*)([@][^@]*::|[@]))[^@]*(?=[@])\\x01\\x01rfa')",
                "ed.cmd(cmds.cCommand_KeyBackspace)",
                "ed.cmd(cmds.cmd_FinderAction,'findnext\\x01EQDEF\\x01\\x01rfa')",
                "ed.cmd(cmds.cCommand_KeyRight)",
                "ed.cmd(cmds.cmd_FinderAction,'findnext\\x01(?<!%)(\\\\d+\\\\.\\\\d+|%\\\\w+_\\\\{[^{}]*\\\\}|%\\\\w+|\\\\b\\\\w+_\\\\{[^{}]*\\\\}|\\\\b\\\\w+)\\x01\\x01rfa')",
                "ed.cmd(cmds.cCommand_ClipboardCopy)",
                "ed.cmd(cmds.cCommand_KeyLeft)",
                "ed.cmd(cmds.cmd_FinderAction,'findprev\\x01@\\x01\\x01rfa')",
                "ed.cmd(cmds.cCommand_KeyLeft)",
                "ed.cmd(cmds.cCommand_ClipboardPaste)",
                "ed.cmd(cmds.cmd_FinderAction,'findnext\\x01EQDEF\\x01\\x01rfa')",
                "ed.cmd(cmds.cCommand_KeyRight)",
                "ed.cmd(cmds.cmd_FinderAction,'findnext\\x01=\\x01\\x01rfa')",
                "ed.cmd(cmds.cCommand_KeyRight)"
            ]
        },
        {
            "id": 23650,
            "nm": "imath:explain EQDEF",
            "rec": "py:cuda_macros,run,\"30524\"\n2492,findnext\u0001(?<=^(.*)([@][^@]*::|[@]))[^@]*(?=[@])\u0001\u0001rfa\n152\n2492\n2492,findnext\u0001EQDEF\u0001\u0001rfa\n524391\n2492\n2492,findnext\u0001(?<!%)(\\d+\\.\\d+|%\\w+_\\{[^{}]*\\}|%\\w+|\\b\\w+_\\{[^{}]*\\}|\\b\\w+)\u0001\u0001rfa\n1006\n524390\n2492\n2492,findprev\u0001@\u0001\u0001rfa\n524390\n1000\n2492\n2492,findnext\u0001EQDEF\u0001\u0001rfa\n524391\n2492\n2492,findnext\u0001=\u0001\u0001rfa\n524391\n589929\n1006\n655461\n655464\n589925\n589925\n589925\n589925\n589925\n589925\n589925\n589925\n589925\n589925\n589925\n589925\n589925\n589925\n589925\n589925\n589925\n152\n150,%\n150,%\n150,i\n150,i\n150, \n150,T\n150,E\n150,X\n150,T\n150, \n1000\n655464\n2492,findnext\u0001TEXT\u0001\u0001rfa\n524391\n524391\n150,=\n655460\n655464\n2492,findsel\u0001(?<!%)\\b(abs|acute|aleph|alignb|alignc|alignl|alignm|alignr|alignt|and|approx|arccos|arccot|arcosh|arcoth|arcsin|arctan|arsinh|artanh|backepsilon|bar|binom|black|blue|bold|boper|breve|bslash|cdot|check|circ|circle|color|coprod|cos|cosh|cot|coth|csub|csup|cyan|dddot|ddot|def|div|divides|dlarrow|dlrarrow|dot|dotsaxis|dotsdiag|dotsdown|dotslow|dotsup|dotsvert|downarrow|drarrow|emptyset|equiv|exists|exp|fact|fixed|font|forall|from|func|ge|geslant|gg|grave|green|gt|hat|hbar|iiint|iint|im|in|infinity|infty|int|intersection|ital|italic|lambdabar|langle|mline|rangle|lbrace|lceil|ldbracket|ldline|le|leftarrow|leslant|lfloor|lim|liminf|limsup|lint|ll|lline|llint|lllint|ln|log|lsub|lsup|lt|magenta|matrix|minusplus|mline|nabla|nbold|ndivides|neg|neq|newline|ni|nitalic|none|left|right|notin|nroot|nsubset|nsubseteq|nsupset|nsupseteq|odivide|odot|ominus|oper|limits|oplus|or|ortho|otimes|over|overbrace|overline|overstrike|owns|parallel|partial|phantom|plusminus|prod|prop|rbrace|rceil|rdbracket|rdline|re|red|rfloor|right|rightarrow|rline|rsub|rsup|sans|serif|setC|setminus|setN|setQ|setR|setZ|sim|simeq|sin|sinh|size|slash|sqrt|stack|sub|subset|subseteq|sum|sup|supset|supseteq|tan|tanh|tilde|times|to|toward|transl|transr|underbrace|underline|union|uoper|uparrow|vec|white|widebslash|widehat|wideslash|widetilde|widevec|wp|yellow)\\b\u0001\u0001ra\n524390\n150,@@\n2001\n2492\n2492\n2492\n2492,findsel\u0001(?<=^%%ii\\s+TEXT).*$\u0001\u0001ra\n2492\n2492\n2492\n2492,findsel\u0001(?<=[^%@'\"])(\\d+\\.\\d+|%\\w+_\\{[^{}]*\\}|%\\w+|\\b\\w+_\\{[^{}]*\\}|\\b\\w+)(?!.*%%gg$)\u0001\u0001rsa\n1008\n150,_ii_VAL(\n1000\n150,)_ii_\n2001\n2492\n2492,findsel\u0001@@\u0001\u0001ra\n152\n2001\n",
            "evl": [
                "ed.cmd(cmds.cmd_FinderAction,'findnext\\x01(?<=^(.*)([@][^@]*::|[@]))[^@]*(?=[@])\\x01\\x01rfa')",
                "ed.cmd(cmds.cCommand_KeyBackspace)",
                "ed.cmd(cmds.cmd_FinderAction)",
                "ed.cmd(cmds.cmd_FinderAction,'findnext\\x01EQDEF\\x01\\x01rfa')",
                "ed.cmd(cmds.cCommand_KeyRight)",
                "ed.cmd(cmds.cmd_FinderAction)",
                "ed.cmd(cmds.cmd_FinderAction,'findnext\\x01(?<!%)(\\\\d+\\\\.\\\\d+|%\\\\w+_\\\\{[^{}]*\\\\}|%\\\\w+|\\\\b\\\\w+_\\\\{[^{}]*\\\\}|\\\\b\\\\w+)\\x01\\x01rfa')",
                "ed.cmd(cmds.cCommand_ClipboardCopy)",
                "ed.cmd(cmds.cCommand_KeyLeft)",
                "ed.cmd(cmds.cmd_FinderAction)",
                "ed.cmd(cmds.cmd_FinderAction,'findprev\\x01@\\x01\\x01rfa')",
                "ed.cmd(cmds.cCommand_KeyLeft)",
                "ed.cmd(cmds.cCommand_ClipboardPaste)",
                "ed.cmd(cmds.cmd_FinderAction)",
                "ed.cmd(cmds.cmd_FinderAction,'findnext\\x01EQDEF\\x01\\x01rfa')",
                "ed.cmd(cmds.cCommand_KeyRight)",
                "ed.cmd(cmds.cmd_FinderAction)",
                "ed.cmd(cmds.cmd_FinderAction,'findnext\\x01=\\x01\\x01rfa')",
                "ed.cmd(cmds.cCommand_KeyRight)",
                "ed.cmd(cmds.cCommand_KeyEnd_Sel)",
                "ed.cmd(cmds.cCommand_ClipboardCopy)",
                "ed.cmd(cmds.cCommand_KeyRight)",
                "ed.cmd(cmds.cCommand_KeyDown_Sel)",
                "ed.cmd(cmds.cCommand_KeyDown_Sel)",
                "ed.cmd(cmds.cCommand_KeyDown_Sel)",
                "ed.cmd(cmds.cCommand_KeyDown_Sel)",
                "ed.cmd(cmds.cCommand_KeyDown_Sel)",
                "ed.cmd(cmds.cCommand_KeyDown_Sel)",
                "ed.cmd(cmds.cCommand_KeyDown_Sel)",
                "ed.cmd(cmds.cCommand_KeyDown_Sel)",
                "ed.cmd(cmds.cCommand_KeyDown_Sel)",
                "ed.cmd(cmds.cCommand_KeyDown_Sel)",
                "ed.cmd(cmds.cCommand_KeyDown_Sel)",
                "ed.cmd(cmds.cCommand_KeyDown_Sel)",
                "ed.cmd(cmds.cCommand_KeyEnter)",
                "ed.cmd(cmds.cCommand_TextInsert,'%%ii TEXT ')",
                "ed.cmd(cmds.cCommand_ClipboardPaste)",
                "ed.cmd(cmds.cCommand_KeyHome)",
                "ed.cmd(cmds.cmd_FinderAction,'findnext\\x01TEXT\\x01\\x01rfa')",
                "ed.cmd(cmds.cCommand_KeyRight)",
                "ed.cmd(cmds.cCommand_KeyRight)",
                "ed.cmd(cmds.cCommand_TextInsert,'=')",
                "ed.cmd(cmds.cCommand_KeyUp)",
                "ed.cmd(cmds.cCommand_KeyHome)",
                "ed.cmd(cmds.cmd_FinderAction,'findnext\\x01EQDEF\\x01\\x01rfa')",
                "ed.cmd(cmds.cCommand_KeyRight)",
                "ed.cmd(cmds.cmd_FinderAction,'findnext\\x01(?<!%)(\\\\d+\\\\.\\\\d+|%\\\\w+_\\\\{[^{}]*\\\\}|%\\\\w+|\\\\b\\\\w+_\\\\{[^{}]*\\\\}|\\\\b\\\\w+)\\x01\\x01rfa')",
                "ed.cmd(cmds.cCommand_ClipboardCopy)",
                "ed.cmd(cmds.cCommand_KeyDown)",
                "ed.cmd(cmds.cCommand_KeyEnd)",
                "ed.cmd(cmds.cCommand_TextInsert,'=')",
                "ed.cmd(cmds.cCommand_ClipboardPaste)",
                "ed.cmd(cmds.cCommand_KeyEnter)",
                "ed.cmd(cmds.cmd_FinderAction,'findsel\\x01(?<!%)\\\\b(abs|acute|aleph|alignb|alignc|alignl|alignm|alignr|alignt|and|approx|arccos|arccot|arcosh|arcoth|arcsin|arctan|arsinh|artanh|backepsilon|bar|binom|black|blue|bold|boper|breve|bslash|cdot|check|circ|circle|color|coprod|cos|cosh|cot|coth|csub|csup|cyan|dddot|ddot|def|div|divides|dlarrow|dlrarrow|dot|dotsaxis|dotsdiag|dotsdown|dotslow|dotsup|dotsvert|downarrow|drarrow|emptyset|equiv|exists|exp|fact|fixed|font|forall|from|func|ge|geslant|gg|grave|green|gt|hat|hbar|iiint|iint|im|in|infinity|infty|int|intersection|ital|italic|lambdabar|langle|mline|rangle|lbrace|lceil|ldbracket|ldline|le|leftarrow|leslant|lfloor|lim|liminf|limsup|lint|ll|lline|llint|lllint|ln|log|lsub|lsup|lt|magenta|matrix|minusplus|mline|nabla|nbold|ndivides|neg|neq|newline|ni|nitalic|none|left|right|notin|nroot|nsubset|nsubseteq|nsupset|nsupseteq|odivide|odot|ominus|oper|limits|oplus|or|ortho|otimes|over|overbrace|overline|overstrike|owns|parallel|partial|phantom|plusminus|prod|prop|rbrace|rceil|rdbracket|rdline|re|red|rfloor|right|rightarrow|rline|rsub|rsup|sans|serif|setC|setminus|setN|setQ|setR|setZ|sim|simeq|sin|sinh|size|slash|sqrt|stack|sub|subset|subseteq|sum|sup|supset|supseteq|tan|tanh|tilde|times|to|toward|transl|transr|underbrace|underline|union|uoper|uparrow|vec|white|widebslash|widehat|wideslash|widetilde|widevec|wp|yellow)\\\\b\\x01\\x01ra')",
                "ed.cmd(cmds.cCommand_KeyLeft)",
                "ed.cmd(cmds.cCommand_TextInsert,'@@')",
                "ed.cmd(cmds.cCommand_Cancel)",
                "ed.cmd(cmds.cmd_FinderAction,'findsel\\x01(?<=^%%ii\\\\s+TEXT).*$\\x01\\x01ra')",
                "ed.cmd(cmds.cmd_FinderAction)",
                "ed.cmd(cmds.cmd_FinderAction,'findsel\\x01(?<=[^%@\\'\"])(\\\\d+\\\\.\\\\d+|%\\\\w+_\\\\{[^{}]*\\\\}|%\\\\w+|\\\\b\\\\w+_\\\\{[^{}]*\\\\}|\\\\b\\\\w+)(?!.*%%gg$)\\x01\\x01rsa')",
                "ed.cmd(cmds.cCommand_ClipboardCut)",
                "ed.cmd(cmds.cCommand_TextInsert,'_ii_VAL(')",
                "ed.cmd(cmds.cCommand_ClipboardPaste)",
                "ed.cmd(cmds.cCommand_TextInsert,')_ii_')",
                "ed.cmd(cmds.cCommand_Cancel)",
                "ed.cmd(cmds.cmd_FinderAction)",
                "ed.cmd(cmds.cmd_FinderAction,'findsel\\x01@@\\x01\\x01ra')",
                "ed.cmd(cmds.cCommand_KeyBackspace)",
                "ed.cmd(cmds.cCommand_Cancel)",
                "ed.cmd(cmds.cCommand_KeyUp)",
                "ed.cmd(cmds.cCommand_KeyUp)",
                "ed.cmd(cmds.cCommand_KeyUp)",
                "ed.cmd(cmds.cCommand_ClipboardCopy)"
            ]
        }
    ],
    "dlg_prs": {},
    "tm_ctrl": {
        "rp_ctrl": 300,
        "tm_wait": 10
    }
}