{
  "wrap_mode" : 1,
  "wrap_indented" : false,
  "ui_statusbar_show" : true,
  "ui_sidebar_show" : true,
  "find_hidden_buttons": "c",
  "bracket_highlight" : true,
  "ui_toolbar_show" : false,
  "ui_theme" : "white",
  "ui_theme_syntax" : "white",
  "ui_font_name" : "default",
  "ui_font_size" : 9,
  "font_name" : "Lucida Console",
  "font_size" : 10,
  "ui_title_path" : true,
  "ui_menu_show" : false,
  "ui_tab_show" : false,
  "gutter_show" : false,
  "gutter_fold" : false,
  "show_last_line_on_top" : false,
  "log_sessions" : false,
  "py_init_log" : false,
  "auto_close_brackets": ""
}