{
  "cuda_macros,run,74376" : {
    "name" : "plugin: Macros: _ii_",
    "s1" : [
    ]
  },
  "2506" : {
    "name" : "file: quit program",
    "s1" : [
      "F3"
    ]
  },
  "2810" : {
    "name" : "macros: start recording",
    "s1" : [
      "Ctrl+Q"
    ]
  },
  "2811" : {
    "name" : "macros: stop recording",
    "s1" : [
      "Shift+Ctrl+Q"
    ]
  },
  "cuda_macros,run,44438": {
    "name" : "plugin: Macros: imath:_ii_VAL()_ii_ next",
    "s1" : [
    ]
  },
  "cuda_macros,run,90157": {
    "name" : "plugin: Macros: imath:_ii_VAL()_ii_ all",
    "s1" : [
      "Shift+Ctrl+V"
    ]
  },
  "524553" : {
    "name" : "selection: split selection into lines",
    "s1" : [
      "Shift+Ctrl+L"
    ]
  },
  "2590": {
    "name": "find, next",
    "s1": [
    ]
  },
  "cuda_macros,run,23650": {
    "name" : "plugin: Macros: imath:explain EQDEF",
    "s1" : [
      "Shift+Ctrl+E"
    ]
  },
  "cuda_macros,run,30524": {
    "name" : "plugin: Macros: imath:fix EQDEF label",
    "s1" : [
      "Ctrl+E"
    ]
  }
}